GRUPO,SUB GRUPO,CÓDIGO,NOME,MEDIDA,PREÇO ,RENDIMENTO
ALIMENTOS,DOCES,1000500600,Chocolate Calleb Amargo 50% Kg,KG,"R$148,68",1
ALIMENTOS,HORTIFRUTI,1001500200,Abacaxi Perola,KG,"R$7,00",1
ALIMENTOS,HORTIFRUTI,1001500700,Abobrinha Italiana,KG,"R$7,00",1
ALIMENTOS,HORTIFRUTI,1001501000,Alecrim - Kg,KG,"R$70,00",1
ALIMENTOS,HORTIFRUTI,1001501100,Alf Crespa Hidrop,KG,"R$11,20",1
ALIMENTOS,HORTIFRUTI,1001501400,Alface Frisee,KG,"R$36,32",1
ALIMENTOS,HORTIFRUTI,1001501900,Alface Roxa Hidro,KG,"R$14,00",1
ALIMENTOS,HORTIFRUTI,1001502200,Alho,KG,"R$18,20",1
ALIMENTOS,HORTIFRUTI,1001502600,Amora - Kg,KG,"R$294,00",1
ALIMENTOS,HORTIFRUTI,1001502700,Amora Congelada - Kg,KG,"R$55,30",1
ALIMENTOS,HORTIFRUTI,1001503300,Basilico,KG,"R$49,00",1
ALIMENTOS,HORTIFRUTI,1001503400,Batata Asterix,KG,"R$6,39",1
ALIMENTOS,HORTIFRUTI,1001503400,Batata Asterix - Marcada,KG,"R$6,39","1,9"
ALIMENTOS,HORTIFRUTI,1001503400,Batata Asterix - Palha,KG,"R$6,39",4
ALIMENTOS,HORTIFRUTI,1001503400,Batata Asterix - Palitada,KG,"R$6,39","1,05"
ALIMENTOS,HORTIFRUTI,1001503700,Batata Bolinha,KG,"R$7,28",1
ALIMENTOS,HORTIFRUTI,1001504200,Beringela,KG,"R$7,70",1
ALIMENTOS,HORTIFRUTI,1001504400,Beterraba,KG,"R$7,39",1
ALIMENTOS,HORTIFRUTI,1001504700,Brocolis Japones,KG,"R$13,34",1
ALIMENTOS,HORTIFRUTI,1001521600,Burbim - Kg,KG,"R$11,13",1
ALIMENTOS,HORTIFRUTI,1001505500,Cebola,KG,"R$5,83",1
ALIMENTOS,HORTIFRUTI,1001505600,Cebola Roxa,KG,"R$7,23",1
ALIMENTOS,HORTIFRUTI,1001505800,Cebolinha - Kg,KG,"R$8,73",1
ALIMENTOS,HORTIFRUTI,1001505900,Cenoura G,KG,"R$10,11",1
ALIMENTOS,HORTIFRUTI,1001506100,Cereja Amarena Fechado,KG,"R$112,90",1
ALIMENTOS,HORTIFRUTI,1001506100,Cereja Amarena Aberto,KG,"R$112,90",2
ALIMENTOS,HORTIFRUTI,1001524000,Chumichurry- Kg,KG,"R$67,50",1
ALIMENTOS,HORTIFRUTI,1001506600,Coentro - Kg,KG,"R$28,00",1
ALIMENTOS,HORTIFRUTI,1001507100,Couve Flor,KG,"R$21,54",1
ALIMENTOS,HORTIFRUTI,1001507000,Couve - Kg,KG,"R$8,93",1
ALIMENTOS,HORTIFRUTI,1001508300,Folha De Capuchinha - Kg,KG,"R$814,00",1
ALIMENTOS,HORTIFRUTI,1001508500,Framboesa,KG,"R$309,12",1
ALIMENTOS,HORTIFRUTI,1001508600,Framboesa Congelada - Kg,KG,"R$75,60",1
ALIMENTOS,HORTIFRUTI,1001508800,Gengibre - Kg,KG,"R$13,24",1
BEBIDAS NÃO ALCOOLICAS,HORTIFRUTI,1001509100,Hortela - Kg,KG,"R$16,80",1
ALIMENTOS,HORTIFRUTI,1001510200,Louro - Kg,KG,,1
ALIMENTOS,HORTIFRUTI,1001510700,Mandioca - Kg,KG,,1
BEBIDAS NÃO ALCOOLICAS,HORTIFRUTI,1001511200,Maracuja - Kg,KG,"R$9,80",1
ALIMENTOS,HORTIFRUTI,1001511300,Melancia - Kg,KG,"R$4,87",1
ALIMENTOS,HORTIFRUTI,1001511700,Micro Rucula,KG,"R$44,80",1
ALIMENTOS,HORTIFRUTI,1001522300,Mix De Pimenta,KG,"R$103,20",1
ALIMENTOS,HORTIFRUTI,1001512400,Ovo Branco,UNID,"R$0,66",1
ALIMENTOS,HORTIFRUTI,1001512800,Pera - Kg,KG,"R$12,63",1
ALIMENTOS,HORTIFRUTI,1001522500,Pera Williams - Kg,KG,"R$6,90",1
ALIMENTOS,HORTIFRUTI,1001514000,Pimentao Amarelo - Kg,KG,"R$21,00",1
ALIMENTOS,HORTIFRUTI,1001514100,Pimentao Verde - Kg,KG,,1
ALIMENTOS,HORTIFRUTI,1001514200,Pimentao Vermelho - Kg,KG,"R$21,00",1
ALIMENTOS,HORTIFRUTI,1001514500,Radiccio - Kg,KG,"R$37,72",1
ALIMENTOS,HORTIFRUTI,1001515000,Rucula Hidro,KG,"R$12,86",1
ALIMENTOS,HORTIFRUTI,1001515200,Salsa Comum,KG,"R$11,20",1
ALIMENTOS,HORTIFRUTI,1001515400,Salsao - Kg,KG,"R$6,30",1
ALIMENTOS,HORTIFRUTI,1001515500,Salvia,KG,"R$98,00",1
ALIMENTOS,HORTIFRUTI,1001515800,Tangerina Exportacao - Kg,KG,"R$12,60",1
ALIMENTOS,HORTIFRUTI,1001515900,Tomate Atomico - Kg,KG,"R$41,30",1
ALIMENTOS,HORTIFRUTI,1001516200,Tomate Cereja C/ Cabinho,KG,"R$28,00",1
ALIMENTOS,HORTIFRUTI,1001516400,Tomate Holandes,KG,"R$14,00",1
ALIMENTOS,HORTIFRUTI,1001516800,Tomate Sweet Grape Amarelo,KG,"R$29,40",1
ALIMENTOS,HORTIFRUTI,1001516900,Tomilho - Kg,KG,"R$98,00",1
ALIMENTOS,HORTIFRUTI,1001517001,Trevo - Kg,KG,"R$737,00",1
ALIMENTOS,LATICINIOS,1002500200,Creme De Leite Fresco,KG,"R$23,50",1
ALIMENTOS,LATICINIOS,1002505600,Creme Culinario (Creme De Leite) - Kg,KG,"R$9,90",1
ALIMENTOS,LATICINIOS,1002500900,Leite Uht Integral,LITRO,"R$7,33",1
ALIMENTOS,LATICINIOS,1002501000,Manteiga Bloco,KG,"R$29,00",1
ALIMENTOS,LATICINIOS,1002501100,Manteiga Caccio Pepe,Kg,"R$132,36",1
ALIMENTOS,LATICINIOS,1002501800,Queijo Burrata,KG,"R$98,00",1
ALIMENTOS,LATICINIOS,1002502400,Queijo Em Tiras,KG,"R$51,50",1
ALIMENTOS,LATICINIOS,1002502600,Queijo Gorgonzola,KG,"R$54,36",1
ALIMENTOS,LATICINIOS,1002503000,Queijo Mascarpone,KG,"R$78,64",1
ALIMENTOS,LATICINIOS,1002503200,Queijo Mussarela De Bufala,KG,"R$59,74",1
ALIMENTOS,LATICINIOS,1002503300,Queijo Parmesao Forma,KG,"R$114,45",1
ALIMENTOS,LATICINIOS,1002503500,Queijo Parmesao Ralado,KG,"R$114,45",1
ALIMENTOS,LATICINIOS,1002503600,Queijo Pecorino Romano,KG,"R$210,00",1
ALIMENTOS,LATICINIOS,1002504400,Stracciatella,KG,"R$69,50",1
ALIMENTOS,MANIPULADOS/PRODUZIDOS,SUB RECEITA,Base Carbonara,KG,"R$103,24",1
ALIMENTOS,MANIPULADOS/PRODUZIDOS,SUB RECEITA,Base Tiramisu,KG,"R$103,24",1
ALIMENTOS,MANIPULADOS/PRODUZIDOS,SUB RECEITA,Bechamel,KG,"R$6,81",1
ALIMENTOS,MANIPULADOS/PRODUZIDOS,SUB RECEITA,Bechamel Verde,KG,"R$5,31",1
ALIMENTOS,MANIPULADOS/PRODUZIDOS,SUB RECEITA,Berinjela A Parmegiana,UNID,"R$13,89",1
ALIMENTOS,MANIPULADOS/PRODUZIDOS,SUB RECEITA,Calda De Chocolate,KG,"R$97,51",1
ALIMENTOS,MANIPULADOS/PRODUZIDOS,SUB RECEITA,Calda De Frutas Vermelhas,KG,"R$11,66",1
ALIMENTOS,MANIPULADOS/PRODUZIDOS,SUB RECEITA,Calda De Tangerina,KG,"R$120,04",1
ALIMENTOS,MANIPULADOS/PRODUZIDOS,SUB RECEITA,Caldo De Camarao,KG,"R$3,12",1
ALIMENTOS,MANIPULADOS/PRODUZIDOS,SUB RECEITA,Caldo Vegetal,LITRO,"R$0,80",1
ALIMENTOS,MANIPULADOS/PRODUZIDOS,SUB RECEITA,Cannoli De Ricota,UNID,"R$9,14",1
ALIMENTOS,MANIPULADOS/PRODUZIDOS,SUB RECEITA,Carpaccio,UNID,"R$12,36",1
ALIMENTOS,MANIPULADOS/PRODUZIDOS,SUB RECEITA,Cesta De Pão,UNID,"R$10,08",1
ALIMENTOS,MANIPULADOS/PRODUZIDOS,SUB RECEITA,Cheesecake,KG,"R$12,25",1
ALIMENTOS,MANIPULADOS/PRODUZIDOS,SUB RECEITA,Creme Brule,UNID,"R$6,92",1
ALIMENTOS,MANIPULADOS/PRODUZIDOS,SUB RECEITA,Creme De Ricota,KG,"R$27,38",1
ALIMENTOS,MANIPULADOS/PRODUZIDOS,SUB RECEITA,Farofa De Pao,KG,"R$13,87",1
ALIMENTOS,MANIPULADOS/PRODUZIDOS,SUB RECEITA,Geleia De Frutas Vermelhas,UNID,"R$11,77",1
ALIMENTOS,MANIPULADOS/PRODUZIDOS,SUB RECEITA,Gratinado,UNID,"R$14,75",1
ALIMENTOS,MANIPULADOS/PRODUZIDOS,SUB RECEITA,Lasanha Ao Pesto,UNID,"R$26,63",1
ALIMENTOS,MANIPULADOS/PRODUZIDOS,SUB RECEITA,Base Brandade,KG,"R$95,86",1
ALIMENTOS,MANIPULADOS/PRODUZIDOS,SUB RECEITA,Maionese,KG,"R$22,96",1
ALIMENTOS,MANIPULADOS/PRODUZIDOS,SUB RECEITA,Milanesa,UNID,"R$26,25",1
ALIMENTOS,MANIPULADOS/PRODUZIDOS,SUB RECEITA,Mix Alface,KG,"R$17,93",1
ALIMENTOS,MANIPULADOS/PRODUZIDOS,SUB RECEITA,Mix Queijo,KG,"R$152,15",1
ALIMENTOS,MANIPULADOS/PRODUZIDOS,SUB RECEITA,Molho Cipriani,KG,"R$24,81",1
ALIMENTOS,MANIPULADOS/PRODUZIDOS,SUB RECEITA,Molho De Pera,KG,"R$34,01",1
ALIMENTOS,MANIPULADOS/PRODUZIDOS,SUB RECEITA,Molho Pera,KG,"R$34,34",1
ALIMENTOS,MANIPULADOS/PRODUZIDOS,SUB RECEITA,Molho Pomodoro,KG,"R$39,52",1
ALIMENTOS,MANIPULADOS/PRODUZIDOS,SUB RECEITA,Molho Salada,KG,"R$63,25",1
ALIMENTOS,MANIPULADOS/PRODUZIDOS,SUB RECEITA,Molho Tartar,kg,"R$2,24",1
ALIMENTOS,MANIPULADOS/PRODUZIDOS,SUB RECEITA,Mouse Chocolate Calebout,UNID,"R$15,54",1
ALIMENTOS,MANIPULADOS/PRODUZIDOS,SUB RECEITA,Mousse Branca,UNID,"R$87,52",1
ALIMENTOS,MANIPULADOS/PRODUZIDOS,SUB RECEITA,Mousse Chocolate Branco,KG,"R$11,18",1
ALIMENTOS,MANIPULADOS/PRODUZIDOS,SUB RECEITA,Panacota Calda De Tangerina,UNID,"R$7,71",1
ALIMENTOS,MANIPULADOS/PRODUZIDOS,SUB RECEITA,Pão Brusqueta,kg,,1
ALIMENTOS,MANIPULADOS/PRODUZIDOS,SUB RECEITA,Praline,KG,"R$31,08",1
ALIMENTOS,MANIPULADOS/PRODUZIDOS,SUB RECEITA,Pure De Batata,KG,"R$13,49",1
ALIMENTOS,MANIPULADOS/PRODUZIDOS,SUB RECEITA,Rosbife,UNID,"R$125,78",1
ALIMENTOS,MANIPULADOS/PRODUZIDOS,SUB RECEITA,Salada De Rucula,KG,"R$2,79",1
ALIMENTOS,MANIPULADOS/PRODUZIDOS,SUB RECEITA,Tagliolini Gratinati,UNID,"R$8,45",1
ALIMENTOS,MANIPULADOS/PRODUZIDOS,SUB RECEITA,Tartar,UNID,"R$14,20",1
ALIMENTOS,MANIPULADOS/PRODUZIDOS,SUB RECEITA,Tiramisu,UNID,"R$21,75",1
ALIMENTOS,MANIPULADOS/PRODUZIDOS,SUB RECEITA,Torrada,KG,"R$0,89",1
ALIMENTOS,MANIPULADOS/PRODUZIDOS,SUB RECEITA,Vinagrete Atum,kg,"R$11,68",1
ALIMENTOS,MASSAS,1003002500,Bottoni Mozzarella - Kg,KG,"R$141,90",1
ALIMENTOS,MASSAS,1003000200,Massa Croquetta,KG,"R$107,80",1
ALIMENTOS,MASSAS,1003000500,Massa Fusilli,KG,"R$29,52",1
ALIMENTOS,MASSAS,1003000600,Massa Linguine,KG,"R$28,89",1
ALIMENTOS,MASSAS,1003000700,Massa Maltagliata,KG,"R$76,67",1
ALIMENTOS,MASSAS,1003000800,Massa Orecchiette,KG,"R$28,89",1
ALIMENTOS,MASSAS,1003002002,Capeletti Di Gamberi E Porco Nero - Kg,KG,"R$152,00",1
ALIMENTOS,MASSAS,1003000900,Massa Paccheri,KG,"R$37,80",1
ALIMENTOS,MASSAS,1003001200,Massa Penne,KG,"R$28,89",1
ALIMENTOS,SECOS,1005518100,Tortelone De Abobora E Taleggio - Un,KG,"R$191,00",1
ALIMENTOS,MASSAS,1003001400,Massa Rigatoni,KG,"R$28,89",1
ALIMENTOS,MASSAS,1003001500,Massa Spaghetti,KG,"R$28,89",1
ALIMENTOS,MOLHOS,1003500000,Creme Caccio E Pepe,UNID,"R$0,10",1
ALIMENTOS,MOLHOS,1003500200,Creme Funghi Trufado - Un,UNID,"R$0,10",1
ALIMENTOS,MOLHOS,1003500100,Creme Funghi,UNID,"R$4,20",1
ALIMENTOS,MOLHOS,1003500400,Molho Amatriciana Bianca,KG,"R$98,85",1
ALIMENTOS,MOLHOS,1003500500,Molho Bolognesa,KG,"R$133,01",1
ALIMENTOS,MOLHOS,1003500600,Molho Cacio Peppe,KG,"R$147,14",1
ALIMENTOS,MOLHOS,1003500700,Molho De Camarao,KG,"R$107,65",1
ALIMENTOS,MOLHOS,1003500800,Molho De Cordeiro - Un,KG,"R$0,10",1
ALIMENTOS,MOLHOS,1003501000,Molho De Tomate Kg,KG,"R$6,41",1
ALIMENTOS,MOLHOS,1003501300,Molho Genovese,KG,"R$57,45",1
ALIMENTOS,MOLHOS,1003501400,Molho Giulienne,KG,"R$75,72",1
ALIMENTOS,MOLHOS,1003501500,Molho Ingles - L,LITRO,"R$7,43",1
ALIMENTOS,MOLHOS,1003501600,Molho Ingles Lea Perris,LITRO,"R$833,33",1
ALIMENTOS,MOLHOS,1003501700,Molho Oleo Verde,KG,"R$110,00",1
ALIMENTOS,MOLHOS,1003501800,Molho Pesto,KG,"R$272,56",1
ALIMENTOS,MOLHOS,1003502000,Molho Ragu De Linguica,KG,"R$108,91",1
ALIMENTOS,MOLHOS,1003502100,Molho Shoyu Sakura Tradicional - Un,UNID,"R$12,05",1
ALIMENTOS,MOLHOS,1003502200,Molho Tonnato,KG,"R$99,50",1
ALIMENTOS,MOLHOS,1003502400,Papa Pomodoro,KG,"R$107,41",1
ALIMENTOS,MOLHOS,1003502800,Pesto De Folhas,KG,"R$87,38",1
ALIMENTOS,PAES,1004500300,F Rosca Pao Italiano - Kg,KG,"R$19,28",1
ALIMENTOS,PAES,1004500800,Pão Campagne,UNID,"R$29,25",1
ALIMENTOS,PAES,1004500600,Pao Italiano Pre,KG,"R$27,27",1
ALIMENTOS,PROTEINAS,1005000400,Alcatra Com Maminha - Kg,KG,"R$33,99",1
ALIMENTOS,PROTEINAS,1005000801,Ancho - Kg,KG,"R$149,90",1
ALIMENTOS,PROTEINAS,1005000900,Anchova - Kg,KG,"R$297,23",1
ALIMENTOS,PROTEINAS,1005001100,Atum File Sujo,KG,"R$93,89",1
ALIMENTOS,PROTEINAS,1005001100,Atum File Limpo,KG,"R$93,89",1
ALIMENTOS,PROTEINAS,1005000000,Bisteca Suina Congelada - Kg,KG,"R$16,99",1
ALIMENTOS,PROTEINAS,1005002600,Camarão Sujo,KG,"R$69,90",1
ALIMENTOS,PROTEINAS,1005002600,Camarão Limpo,KG,"R$69,90","1,5"
ALIMENTOS,PROTEINAS,1005003200,Carne Moida - Kg,KG,"R$22,99",1
ALIMENTOS,PROTEINAS,1005003500,Caviar De Mujol,KG,"R$540,00",1
ALIMENTOS,PROTEINAS,1005004000,Contra File - Kg,KG,"R$39,90",1
ALIMENTOS,PROTEINAS,1005004700,Costela Bovina - Kg,KG,"R$22,99",1
ALIMENTOS,PROTEINAS,1005004700,Costela Bovina - Kg,KG,"R$24,00",1
ALIMENTOS,PROTEINAS,1005004800,Costela Suina - Kg,KG,"R$27,69",1
ALIMENTOS,PROTEINAS,1005005300,Coxa E Sobrecoxa Frango - Kg,KG,"R$13,73",1
ALIMENTOS,PROTEINAS,1005005400,Coxao Duro - Kg,KG,"R$31,99",1
ALIMENTOS,PROTEINAS,1005005500,Coxao Mole - Kg,KG,"R$34,99",1
ALIMENTOS,PROTEINAS,1005007200,File Mignon Vpj,KG,"R$153,88",1
ALIMENTOS,PROTEINAS,1005007300,File Mignon Ws,KG,"R$115,14",1
ALIMENTOS,PROTEINAS,1005007500,File Peito S/Sassami - Kg,KG,,1
ALIMENTOS,PROTEINAS,1005007700,Filet De Pangasius - Kg,KG,"R$18,99",1
ALIMENTOS,PROTEINAS,1005007900,Filezinho De Frango Empanado - Kg,KG,,1
ALIMENTOS,PROTEINAS,1005008400,Frango A Passarinho - Kg,KG,"R$8,20",1
ALIMENTOS,PROTEINAS,1005008500,Frango Inteiro - Kg,KG,"R$8,99",1
ALIMENTOS,PROTEINAS,1005009500,Hamburguer Bovino (50 Gr) - Kg,KG,"R$1,06",1
ALIMENTOS,PROTEINAS,1005021700,Jerked Beef Cambui Traseiro - Kg,KG,"R$45,03",1
ALIMENTOS,PROTEINAS,1005009900,Kit Feijoada - Kg,KG,"R$21,42",1
ALIMENTOS,PROTEINAS,1005009900,Kit Feijoada - Kg,KG,"R$19,41",1
ALIMENTOS,PROTEINAS,1005010000,Lagarto - Kg,KG,"R$32,50",1
ALIMENTOS,PROTEINAS,1005010300,Linguica Calabresa - Kg,KG,"R$20,90",1
ALIMENTOS,PROTEINAS,1005011000,Linguica Toscana - Kg,KG,"R$15,99",1
ALIMENTOS,PROTEINAS,1005011000,Linguica Toscana - Kg,KG,"R$16,09",1
ALIMENTOS,PROTEINAS,1005011600,Maiale Canastra Secreto Limpo,KG,"R$119,00","1,46"
ALIMENTOS,PROTEINAS,1005011600,Maiale Canastra Secreto Sujo,KG,"R$119,00",1
ALIMENTOS,PROTEINAS,1005012900,Ovas De Botarga,KG,"R$583,00",1
ALIMENTOS,PROTEINAS,1005013500,Peito De Frango - Kg,KG,"R$10,50",1
ALIMENTOS,PROTEINAS,1005014800,Prejereba Limpo,KG,"R$113,47",1
ALIMENTOS,PROTEINAS,1005014800,Prejereba Sujo,KG,"R$113,47",1
ALIMENTOS,PROTEINAS,1005015200,Presunto De Parma Sujo,KG,"R$242,00",1
ALIMENTOS,PROTEINAS,1005015200,Presunto De Parma Limpo,KG,"R$242,00","1,37"
ALIMENTOS,PROTEINAS,1005020700,Prosciutto Cotto - Kg,KG,"R$112,00",1
ALIMENTOS,PROTEINAS,1005020700,Prosciutto Cotto - Kg,KG,"R$112,00","1,368"
ALIMENTOS,PROTEINAS,1005015600,Rabo Bovino - Kg,KG,"R$28,99",1
ALIMENTOS,PROTEINAS,1005015900,Ragu De Vitelo,KG,"R$137,23",1
ALIMENTOS,PROTEINAS,1005016800,Sobrecoxa Lar Cong Ind - Kg,KG,"R$9,99",1
ALIMENTOS,PROTEINAS,1005016800,Sobrecoxa Lar Cong Ind - Kg,KG,"R$10,28",1
ALIMENTOS,SECOS,1005500400,Aceto Balsâmico De Nigris 25%,LITRO,"R$33,00",1
ALIMENTOS,SECOS,1005521700,Acucar Cristal Sache - Un,UNID,"R$0,13",1
ALIMENTOS,SECOS,1005522100,Acucar Glacucar Refinado,KG,"R$7,98",1
ALIMENTOS,SECOS,1005501100,Acucar Mascavo Sache - Un,UNID,"R$0,20",1
ALIMENTOS,SECOS,1005501200,Acucar Refinado,KG,"R$4,17",1
ALIMENTOS,SECOS,1005501500,Adocante Sache - Un,UNID,"R$0,05",1
ALIMENTOS,SECOS,1005501700,Agnollotti Di Agnelo - Un,KG,"R$195,30",1
ALIMENTOS,SECOS,1005501900,Alcaparra Fechado,KG,"R$63,45",1
ALIMENTOS,SECOS,1005501900,Alcaparra Aberto,KG,"R$63,45","1,64"
ALIMENTOS,SECOS,1005502000,Alcaparrones Fechado,KG,"R$141,51",1
ALIMENTOS,SECOS,1005502000,Alcaparrones Aberto,KG,"R$141,51","1,77"
ALIMENTOS,SECOS,1005502400,Amendoas Fatiadas S/ Pele,KG,"R$105,00",1
ALIMENTOS,SECOS,1005502900,Arroz Branco,KG,"R$5,98",1
ALIMENTOS,SECOS,1005503500,Azeite Extra Virgem,LITRO,"R$58,80",1
ALIMENTOS,LATICINIOS,1002500300,Doce De Leite - Kg,kg,"R$29,32",1
ALIMENTOS,SECOS,1005504200,Baunilha Granel - Kg,KG,"R$3.000,00",1
ALIMENTOS,SECOS,1005504600,Biscoito Champanhe,KG,"R$45,75",1
ALIMENTOS,SECOS,1005504700,Cacau Em Pó,KG,"R$91,26",1
ALIMENTOS,SECOS,1005504800,Cafe Moido,KG,"R$67,98",1
ALIMENTOS,SECOS,1005505501,Cappellacci Ricotta Ed Erbe,KG,"R$112,14",1
ALIMENTOS,SECOS,1005505700,Carlina,KG,"R$286,90",1
ALIMENTOS,SECOS,1005505700,Carlina,KG,"R$286,90",10
ALIMENTOS,SECOS,1005524300,Chimichurri - Kg,KG,"R$67,50",1
ALIMENTOS,SECOS,1005506400,Colorau - Kg,KG,"R$15,25",1
ALIMENTOS,SECOS,1005507300,Essencia De Baunilha,LITRO,"R$30,38",1
ALIMENTOS,SECOS,1005507900,Farinha De Trigo Kg,KG,"R$4,07",1
ALIMENTOS,SECOS,1005508200,Farinha Mandioca - Kg,KG,"R$10,20",1
ALIMENTOS,SECOS,1005508900,Feijao Carioca,KG,"R$7,13",1
ALIMENTOS,SECOS,1005509100,Feijao Preto - Kg,KG,"R$5,90",1
ALIMENTOS,SECOS,1005509600,Flor De Sal,KG,"R$91,60",1
ALIMENTOS,SECOS,1005509700,Folhas De Lasanha,KG,"R$76,67",1
ALIMENTOS,SECOS,1005510000,Gelatina Em Folha,KG,"R$949,00",1
ALIMENTOS,SECOS,1005510200,Gema De Ovo Pasteurizada,KG,"R$52,31",1
ALIMENTOS,SECOS,1005510700,Gnocchi,KG,"R$78,28",1
ALIMENTOS,SECOS,1005511100,Hondashi,KG,"R$99,92",1
ALIMENTOS,SECOS,1005511300,Ketchup - Kg,KG,,1
ALIMENTOS,SECOS,1005511500,Leite De Coco Lt - L,LITRO,"R$29,90",1
ALIMENTOS,SECOS,1005511600,Lichia Em Calda - Kg,KG,"R$213,04",1
ALIMENTOS,SECOS,1005509400,Macarrão Fettuccine,KG,"R$76,67",1
ALIMENTOS,SECOS,1005511900,Maionese - Kg,KG,"R$13,81",1
ALIMENTOS,DOCES,1000502000,Mel Silvestre - Kg,KG,"R$51,40",1
ALIMENTOS,SECOS,1005521600,Molho Barbecue - Kg,KG,"R$8,36",1
ALIMENTOS,SECOS,1005512700,Mostarda - Kg,KG,,1
ALIMENTOS,SECOS,1005512800,Mostarda Dijon,KG,"R$66,79",1
ALIMENTOS,SECOS,1005513000,Noz Moscada - Kg,LITRO,"R$195,00",1
ALIMENTOS,SECOS,1005513500,Oleo De Girassol,LITRO,"R$14,94",1
ALIMENTOS,SECOS,1005513800,Oleo Soja,LITRO,"R$11,22",1
ALIMENTOS,SECOS,1005514200,Palmito Pupunha,KG,"R$18,20",1
ALIMENTOS,SECOS,1005514900,Pimenta Do Reino Em Grao,KG,"R$105,00",1
ALIMENTOS,SECOS,1005515600,Pinoli,KG,"R$680,00",1
ALIMENTOS,SECOS,1005516200,Sal Grosso,KG,"R$4,10",1
ALIMENTOS,SECOS,1005516400,Sal Refinado,KG,"R$2,10",1
ALIMENTOS,SECOS,1005516600,Salsa Trufada,KG,"R$1.000,00",1
ALIMENTOS,SECOS,1005517000,Suco Em Po - Kg,KG,"R$10,17",1
ALIMENTOS,SECOS,1005517100,Tagliolini,KG,"R$76,67",1
ALIMENTOS,SECOS,1005519500,Tempero Baiano - Kg,KG,,1
ALIMENTOS,SECOS,1005517800,Tomate Pelado,KG,"R$15,40",1
ALIMENTOS,SECOS,1005518001,Torteline De Ossobuco,KG,"R$151,92",1
ALIMENTOS,SECOS,1005523100,Trufa Negra Verao - Kg,KG,"R$3.027,94",1
ALIMENTOS,SECOS,1005518300,Trufa Negra,KG,"R$9.200,00",1
ALIMENTOS,SOBREMESAS,1006000100,Bolo Cipriani G,FATIA,"R$233,00","0,1"
ALIMENTOS,SOBREMESAS,1006000200,Bolo De Chocolate Gato - Un,UNID,"R$686,30",1
ALIMENTOS,USO E CONSUMO,1006500000,Cabo De Aluminio 140Cm - Un,UNID,"R$37,50",1
MATERIAL DE APOIO,EMBALAGEM,2000100000,Sacola Delivery 31X33X19 - Un,UNID,"R$1,85",1
ALIMENTOS,PROTEINAS,,Brandade De Bacalhau,UNID,"R$116,73",1
ALIMENTOS,MASSAS,,Massa Canoli,KG,"R$ 97,97",1
BEBIDAS ALCOOLICAS,CERVEJAS,1050001500,Corona,UNID,"R$8,28",1
BEBIDAS ALCOOLICAS,CERVEJAS,1050001600,Corona Zero,UNID,"R$6,36",1
BEBIDAS ALCOOLICAS,CERVEJAS,1050002300,Stella Artois Pure Gold,UNID,"R$7,75",1
BEBIDAS ALCOOLICAS,DESTILADOS,1050528900,Absinto,LITRO,"R$83,36",1
BEBIDAS ALCOOLICAS,DESTILADOS,1050500500,Amaro Averna,LITRO,"R$120,77",1
BEBIDAS ALCOOLICAS,DESTILADOS,1050530600,Amaro Lucano,LITRO,"R$122,50",1
BEBIDAS ALCOOLICAS,DESTILADOS,1050500600,Amaro Ramazzotti Aperitivo,LITRO,"R$84,90",1
BEBIDAS ALCOOLICAS,DESTILADOS,1050512300,Angostura Caribean,LITRO,"R$467,23",1
BEBIDAS ALCOOLICAS,DESTILADOS,1050525800,Aperitivo Brasilberg,LITRO,"R$45,11",1
BEBIDAS ALCOOLICAS,DESTILADOS,1050500800,Aperitivo Cynar 900 Ml,LITRO,"R$21,33",1
BEBIDAS ALCOOLICAS,DESTILADOS,1050501000,Aperitivo Lillet,LITRO,"R$93,20",1
BEBIDAS ALCOOLICAS,DESTILADOS,1050501200,Aperol,LITRO,"R$50,02",1
BEBIDAS ALCOOLICAS,DESTILADOS,1050529000,Awamori,LITRO,"R$240,00",1
BEBIDAS ALCOOLICAS,DESTILADOS,1050512900,Bacardi Reserva Limitada,LITRO,"R$677,90",1
BEBIDAS ALCOOLICAS,DESTILADOS,1050501500,Bergamoncello,LITRO,"R$85,71",1
BEBIDAS ALCOOLICAS,DESTILADOS,1050501600,Bitter Angostura Aromatic,LITRO,"R$797,22",1
BEBIDAS ALCOOLICAS,DESTILADOS,1050500700,Bitter Angostura Cocoa,LITRO,"R$1.300,00",1
BEBIDAS ALCOOLICAS,DESTILADOS,1050505600,Gin The Botanist - L,LITRO,"R$270,00",1
BEBIDAS ALCOOLICAS,DESTILADOS,1050504900,Gin Martini Miller - L,LITRO,"R$357,14",1
BEBIDAS ALCOOLICAS,DESTILADOS,1050501800,Bitter Angostura Orange,LITRO,"R$962,90",1
BEBIDAS ALCOOLICAS,DESTILADOS,1050501900,Bitter Peychauds,LITRO,"R$588,61",1
BEBIDAS ALCOOLICAS,DESTILADOS,1050502000,Bourbon Woodford Reserve Gfa,LITRO,"R$209,33",1
BEBIDAS ALCOOLICAS,DESTILADOS,1050503900,Branca Fernet Italy 39 Aperitivo,LITRO,"R$117,53",1
BEBIDAS ALCOOLICAS,DESTILADOS,1050502500,"Cachaca Aptk Prata Grf 0,750 Ml",LITRO,"R$30,21",1
BEBIDAS ALCOOLICAS,DESTILADOS,1050502300,Cachaca Dona Filo Prata,LITRO,"R$50,67",1
BEBIDAS ALCOOLICAS,DESTILADOS,1050524900,Cachaca Espirito De Minas - L,LITRO,"R$87,14",1
BEBIDAS ALCOOLICAS,DESTILADOS,1050526200,Cachaça Leblon 750Ml,LITRO,"R$111,53","1,1"
BEBIDAS ALCOOLICAS,DESTILADOS,1050530300,Cachaça Leblon Merlet,LITRO,"R$111,53",1
BEBIDAS ALCOOLICAS,DESTILADOS,1050502600,Cachaca Princesa Isabel Jaqueira 500Ml,LITRO,"R$204,00",1
BEBIDAS ALCOOLICAS,DESTILADOS,1050531300,Cachaca Princesa Isabel Prata - L,LITRO,"R$107,00",1
BEBIDAS ALCOOLICAS,DESTILADOS,1050529300,Cachaça Weber Haus 7 Madeiras 750 Ml,LITRO,"R$92,00",1
BEBIDAS ALCOOLICAS,DESTILADOS,1050503000,Campari Gfa,LITRO,"R$44,36",1
BEBIDAS ALCOOLICAS,DESTILADOS,1050529500,Carpano Dry,LITRO,"R$114,98",1
BEBIDAS ALCOOLICAS,DESTILADOS,1050529600,Cognac Brandy Jerez Carlos,LITRO,"R$267,53",1
BEBIDAS ALCOOLICAS,DESTILADOS,1050503600,Cognac Hennessy,LITRO,"R$671,83",1
BEBIDAS ALCOOLICAS,DESTILADOS,1050511100,Cognac Osborne,LITRO,"R$108,26",1
BEBIDAS ALCOOLICAS,DESTILADOS,1050503700,Cognac Remy Martin Vsop Gfa,LITRO,"R$668,51",1
BEBIDAS ALCOOLICAS,DESTILADOS,1050508000,Cointreau Gfa,LITRO,"R$132,67",1
BEBIDAS ALCOOLICAS,DESTILADOS,1050529700,Conhaque Brandy Metaxa  12 Anos,LITRO,"R$318,47",1
BEBIDAS ALCOOLICAS,DESTILADOS,1050529800,Conhaque Remy Martin Xo Excellence,LITRO,"R$2.322,21",1
BEBIDAS ALCOOLICAS,DESTILADOS,1050531000,Cultura Pisco 1L,LITRO,"R$190,00",1
BEBIDAS ALCOOLICAS,DESTILADOS,1050530800,Cynar 70,LITRO,"R$107,72",1
BEBIDAS ALCOOLICAS,DESTILADOS,1050529900,Dewars 18 Anos,LITRO,"R$514,58",1
BEBIDAS ALCOOLICAS,DESTILADOS,1050519600,Dewars 25 Anos,LITRO,"R$986,12",1
BEBIDAS ALCOOLICAS,DESTILADOS,1050514400,El Jimador Prata,LITRO,"R$107,53",1
BEBIDAS ALCOOLICAS,DESTILADOS,1050530500,Fee Brothers Old Fashioned,LITRO,"R$75,00",1
BEBIDAS ALCOOLICAS,DESTILADOS,1050528500,Fernet Andino - L,LITRO,"R$128,00",1
BEBIDAS ALCOOLICAS,DESTILADOS,1050504100,Gentleman Jack  - L,LITRO,"R$177,90",1
BEBIDAS ALCOOLICAS,DESTILADOS,1050530000,Gin Amazzoni,LITRO,"R$92,93",1
BEBIDAS ALCOOLICAS,DESTILADOS,1050504500,Gin Bombay Sapphire 12X750 Ml,LITRO,"R$111,47",1
BEBIDAS ALCOOLICAS,DESTILADOS,1050531700,Gin Bombay Star Off 750 Ml,LITRO,"R$320,33",1
BEBIDAS ALCOOLICAS,DESTILADOS,1050526900,Gin Classic San Basile,LITRO,"R$51,21",1
BEBIDAS ALCOOLICAS,DESTILADOS,1050533700,Gin Fords London - L,LITRO,"R$159,87",1
BEBIDAS ALCOOLICAS,DESTILADOS,1050504700,Gin Hendricks,LITRO,"R$137,34",1
BEBIDAS ALCOOLICAS,DESTILADOS,1050504800,Gin Japones Roku,LITRO,"R$144,84",1
BEBIDAS ALCOOLICAS,DESTILADOS,1050505000,Gin Monkey 47 500Ml,LITRO,"R$488,00",1
BEBIDAS ALCOOLICAS,DESTILADOS,1050533100,Gin Monkey 47 Schwarzwald Sloe,LITRO,"R$466,00",1
BEBIDAS ALCOOLICAS,DESTILADOS,1050530100,Gin Oxley,LITRO,"R$331,43",1
BEBIDAS ALCOOLICAS,DESTILADOS,1050505100,Gin Single Fin,LITRO,"R$64,29",1
BEBIDAS ALCOOLICAS,DESTILADOS,1050505200,Gin Tanqueray,LITRO,"R$115,98",1
BEBIDAS ALCOOLICAS,DESTILADOS,1050505700,Gin The Botanist Scotch Dry Gr 700,LITRO,"R$270,00",1
BEBIDAS ALCOOLICAS,DESTILADOS,1050505800,Glenfiddich 12 Anos Gfa,LITRO,"R$464,00",1
BEBIDAS ALCOOLICAS,DESTILADOS,1050505900,Glenlivet Founders Reserve - L,LITRO,"R$265,33",1
BEBIDAS ALCOOLICAS,DESTILADOS,1050506000,Grappa Casa Bucco Prata,LITRO,"R$211,72",1
BEBIDAS ALCOOLICAS,DESTILADOS,1050506100,Havana Club 3 Anos Gfa,LITRO,"R$106,00",1
BEBIDAS ALCOOLICAS,DESTILADOS,1050506200,Havana Club 7 Anos Gfa,LITRO,"R$108,05",1
BEBIDAS ALCOOLICAS,DESTILADOS,1050530200,Herradura Anejo,LITRO,"R$333,20",1
BEBIDAS ALCOOLICAS,DESTILADOS,1050532400,High West Bourbon,LITRO,"R$400,00",1
BEBIDAS ALCOOLICAS,DESTILADOS,1050533800,Jack Daniels Single Barrel - L,LITRO,"R$314,53",1
BEBIDAS ALCOOLICAS,DESTILADOS,1050506600,Jerez Oloroso,LITRO,"R$382,43",1
BEBIDAS ALCOOLICAS,DESTILADOS,1050524400,Le Fruit Pure Monin Pessego - L,LITRO,,1
BEBIDAS ALCOOLICAS,DESTILADOS,1050507000,Licor 43 Diego Zamora Gfa,LITRO,"R$168,57",1
BEBIDAS ALCOOLICAS,DESTILADOS,1050527100,Licor Alkermes,LITRO,"R$108,57",1
BEBIDAS ALCOOLICAS,DESTILADOS,1050507200,Licor Amaretto Dell Orso 6X700Ml,LITRO,"R$84,14",1
BEBIDAS ALCOOLICAS,DESTILADOS,1050507300,Licor Baileys,LITRO,"R$135,49",1
BEBIDAS ALCOOLICAS,DESTILADOS,1050507500,Licor Benedictine Dom,LITRO,"R$426,67",1
BEBIDAS ALCOOLICAS,DESTILADOS,1050507600,Licor Bizantino,LITRO,"R$89,35",1
BEBIDAS ALCOOLICAS,DESTILADOS,1050508700,Licor Cassis,LITRO,"R$150,35",1
BEBIDAS ALCOOLICAS,DESTILADOS,1050530400,Licor Cedilla De Acai,LITRO,"R$61,18",1
BEBIDAS ALCOOLICAS,DESTILADOS,1050507900,Licor Chartreuse Amarelo,LITRO,"R$550,00",1
BEBIDAS ALCOOLICAS,DESTILADOS,1050507800,Licor Chartreuse Green,LITRO,"R$560,91",1
BEBIDAS ALCOOLICAS,DESTILADOS,1050533000,Licor Cointreau Noir,LITRO,"R$155,36",1
BEBIDAS ALCOOLICAS,DESTILADOS,1050508800,Licor Creme Cafe Kahlua,LITRO,"R$84,01",1
BEBIDAS ALCOOLICAS,DESTILADOS,1050508300,Licor De Café,LITRO,"R$257,28",1
BEBIDAS ALCOOLICAS,DESTILADOS,1050508400,Licor Disaronno,LITRO,"R$257,41",1
BEBIDAS ALCOOLICAS,DESTILADOS,1050508500,Licor Drambuie,LITRO,"R$192,37",1
BEBIDAS ALCOOLICAS,DESTILADOS,1050524600,Licor Grand Marnier Cordon Rouge 700Ml,LITRO,"R$253,00",1
BEBIDAS ALCOOLICAS,DESTILADOS,1050508600,Licor Heering Cherry,LITRO,"R$265,74",1
BEBIDAS ALCOOLICAS,DESTILADOS,1050509200,Licor Luxardo Bitter Bianco,LITRO,"R$176,05",1
BEBIDAS ALCOOLICAS,DESTILADOS,1050509300,Licor Luxardo Maraschino,LITRO,"R$272,18",1
BEBIDAS ALCOOLICAS,DESTILADOS,1050509700,Licor St Germain,LITRO,"R$466,67",1
BEBIDAS ALCOOLICAS,DESTILADOS,1050509900,Licor Tia Maria,LITRO,"R$210,35",1
BEBIDAS ALCOOLICAS,DESTILADOS,1050509100,Limoncello Villa Massa 30O Licor 700,LITRO,"R$198,92",1
BEBIDAS ALCOOLICAS,DESTILADOS,1050530900,Macallan Rare Cask,LITRO,"R$3.485,57",1
BEBIDAS ALCOOLICAS,DESTILADOS,1050531100,Martini Riserva Ambrato,LITRO,"R$140,00",1
BEBIDAS ALCOOLICAS,DESTILADOS,1050516000,Martini Rubino,LITRO,"R$207,20",1
BEBIDAS ALCOOLICAS,DESTILADOS,1050502400,Mato Dentro Carvalho,LITRO,"R$80,53",1
BEBIDAS ALCOOLICAS,DESTILADOS,1050530700,Mato Dentro Umburana,LITRO,"R$80,53",1
BEBIDAS ALCOOLICAS,DESTILADOS,1050531200,Matriarca Jaqueira,LITRO,"R$50,00",1
BEBIDAS ALCOOLICAS,DESTILADOS,1050510700,Mezcal - L,LITRO,"R$900,00",1
BEBIDAS ALCOOLICAS,DESTILADOS,1050511600,Pisco Queirolo Quebranta Gfa,LITRO,"R$233,33",1
BEBIDAS ALCOOLICAS,DESTILADOS,1050511800,Princesa Isabel Jequitiba Rosa,LITRO,"R$147,48",1
BEBIDAS ALCOOLICAS,DESTILADOS,1050512400,Rum Bacardi 4 Anos 750Ml,LITRO,"R$105,18",1
BEBIDAS ALCOOLICAS,DESTILADOS,1050512600,Rum Bacardi Carta Branca,LITRO,"R$36,62",1
BEBIDAS ALCOOLICAS,DESTILADOS,1050513000,Rum Bacardi Superior 8 Anos,LITRO,"R$219,00",1
BEBIDAS ALCOOLICAS,DESTILADOS,1050531400,Rum Mount Gay Black Barrel Gold,LITRO,"R$575,71",1
BEBIDAS ALCOOLICAS,DESTILADOS,1050531500,Rum Mount Gay Xo Gold,LITRO,"R$953,04",1
BEBIDAS ALCOOLICAS,DESTILADOS,1050531600,Rum Zacapa,LITRO,"R$465,10",1
BEBIDAS ALCOOLICAS,DESTILADOS,1050513500,Tequila 1800 Cristalino,LITRO,"R$398,57",1
BEBIDAS ALCOOLICAS,DESTILADOS,1050513600,Tequila 1800 Reposado 750 Ml,LITRO,"R$248,62",1
BEBIDAS ALCOOLICAS,DESTILADOS,1050513700,Tequila 1800 Silver 750 Ml,LITRO,"R$260,00",1
BEBIDAS ALCOOLICAS,DESTILADOS,1050513800,Tequila Clase Azul Reposado,LITRO,"R$3.333,33",1
BEBIDAS ALCOOLICAS,DESTILADOS,1050513900,Tequila Classe Azul Prata,LITRO,"R$3.066,56",1
BEBIDAS ALCOOLICAS,DESTILADOS,1050514200,Tequila Don Julio Blanco,LITRO,"R$269,62",1
BEBIDAS ALCOOLICAS,DESTILADOS,1050514700,Tequila Herradura Plata 750Ml,LITRO,"R$255,49",1
BEBIDAS ALCOOLICAS,DESTILADOS,1050515100,Vermouth Antica Formula,LITRO,"R$301,74",1
BEBIDAS ALCOOLICAS,DESTILADOS,1050503100,Vermouth Carpano Bianco,LITRO,"R$82,99",1
BEBIDAS ALCOOLICAS,DESTILADOS,1050515300,Vermouth Carpano Classico,LITRO,"R$72,64",1
BEBIDAS ALCOOLICAS,DESTILADOS,1050515400,Vermouth Carpano Punt E Mês,LITRO,"R$121,76",1
BEBIDAS ALCOOLICAS,DESTILADOS,1050531800,Vermouth Dolin Blanc Gf,LITRO,"R$120,49",1
BEBIDAS ALCOOLICAS,DESTILADOS,1050531900,Vermouth Dolin Dry Gf,LITRO,"R$148,25",1
BEBIDAS ALCOOLICAS,DESTILADOS,1050515600,Vermouth Dolin Rouge Gf,LITRO,"R$129,52",1
BEBIDAS ALCOOLICAS,DESTILADOS,1050532800,Vermouth Martini Rosato - L,LITRO,"R$45,98",1
BEBIDAS ALCOOLICAS,DESTILADOS,1050501100,Vermouth Martini Rosso,LITRO,"R$45,79",1
BEBIDAS ALCOOLICAS,DESTILADOS,1050515900,"Vermouth Noilly Prat Dry - Un C/ 0,75L",LITRO,"R$88,57",1
BEBIDAS ALCOOLICAS,DESTILADOS,1050528600,Vermouth Rosso San Basile,LITRO,"R$76,00",1
BEBIDAS ALCOOLICAS,DESTILADOS,1050532000,Vermute Circollo Dry,LITRO,"R$46,00",1
BEBIDAS ALCOOLICAS,DESTILADOS,1050527300,Vermute Merlot Quinado,LITRO,"R$100,38",1
BEBIDAS ALCOOLICAS,DESTILADOS,1050515500,Vermuth 1757 1L,LITRO,"R$149,52",1
BEBIDAS ALCOOLICAS,DESTILADOS,1050516400,Vod.Grey Goose  Citron,LITRO,"R$153,08",1
BEBIDAS ALCOOLICAS,DESTILADOS,1050517100,Vodka Grey Goose,LITRO,"R$127,02",1
BEBIDAS ALCOOLICAS,DESTILADOS,1050517700,Vodka Ketel One,LITRO,"R$84,21",1
BEBIDAS ALCOOLICAS,DESTILADOS,1050527000,Vodka San Basile - Un C/ 950Ml,LITRO,"R$63,15",1
BEBIDAS ALCOOLICAS,DESTILADOS,1050517900,Vodka Stolichnaya,LITRO,"R$90,85",1
BEBIDAS ALCOOLICAS,DESTILADOS,1050517500,Vodka Suntory Haku,LITRO,"R$181,35",1
BEBIDAS ALCOOLICAS,DESTILADOS,1050532100,Whisky Aberlour 14 Anos,LITRO,"R$617,94",1
BEBIDAS ALCOOLICAS,DESTILADOS,1050532300,Whisky Bruichladdich Charlotte,LITRO,"R$956,46",1
BEBIDAS ALCOOLICAS,DESTILADOS,1050518600,Whisky Bruichladdich Laddies,LITRO,"R$1.042,01",1
BEBIDAS ALCOOLICAS,DESTILADOS,1050518800,Whisky Buffalo Trace,LITRO,"R$169,11",1
BEBIDAS ALCOOLICAS,DESTILADOS,1050518900,Whisky Bulleit Bourbon,LITRO,"R$213,30",1
BEBIDAS ALCOOLICAS,DESTILADOS,1050519000,Whisky Chivas Regal 12 Anos,LITRO,"R$93,00",1
BEBIDAS ALCOOLICAS,DESTILADOS,1050519200,Whisky Chivas Regal 18 Anos,LITRO,"R$469,20",1
BEBIDAS ALCOOLICAS,DESTILADOS,1050519400,Whisky Dewars 12 Anos 750 Ml,LITRO,"R$114,53",1
BEBIDAS ALCOOLICAS,DESTILADOS,1050519500,Whisky Dewars 15 Anos 750 Ml,LITRO,"R$127,40",1
BEBIDAS ALCOOLICAS,DESTILADOS,1050534800,Whisky Glenlivet 12 Anos - L,LITRO,"R$404,95",1
BEBIDAS ALCOOLICAS,DESTILADOS,1050520200,Whisky Hakushu Reserve,LITRO,"R$1.044,83",1
BEBIDAS ALCOOLICAS,DESTILADOS,1050520300,Whisky Hibiki Japanese,LITRO,"R$888,32",1
BEBIDAS ALCOOLICAS,DESTILADOS,1050520500,Whisky Jack Daniels - L,LITRO,"R$131,85",1
BEBIDAS ALCOOLICAS,DESTILADOS,1050520700,Whisky Jameson 8 Anos 750Ml,LITRO,"R$86,67",1
BEBIDAS ALCOOLICAS,DESTILADOS,1050532200,Whisky Jim Beam Bourbon,LITRO,"R$100,00",1
BEBIDAS ALCOOLICAS,DESTILADOS,1050520900,Whisky Jim Beam Rye,LITRO,"R$189,95",1
BEBIDAS ALCOOLICAS,DESTILADOS,1050521100,Whisky Johnnie Walker Black Label,LITRO,"R$146,99",1
BEBIDAS ALCOOLICAS,DESTILADOS,1050521200,Whisky Johnnie Walker Green Label,LITRO,"R$493,88",1
BEBIDAS ALCOOLICAS,DESTILADOS,1050521300,Whisky Laphroaig Single Malt 10 Anos,LITRO,"R$586,53",1
BEBIDAS ALCOOLICAS,DESTILADOS,1050521400,Whisky Macallan Duble Cask 12 Anos,LITRO,"R$947,00",1
BEBIDAS ALCOOLICAS,DESTILADOS,1050521500,Whisky Macallan Duble Cask 15 Anos,LITRO,"R$1.824,74",1
BEBIDAS ALCOOLICAS,DESTILADOS,1050521600,Whisky Macallan Sherry Oak Cask 12 Anos,LITRO,"R$941,42",1
BEBIDAS ALCOOLICAS,DESTILADOS,1050521700,Whisky Makers Mark,LITRO,"R$180,00",1
BEBIDAS ALCOOLICAS,DESTILADOS,1050521800,Whisky Royal Salute Azul,LITRO,"R$1.167,94",1
BEBIDAS ALCOOLICAS,DESTILADOS,1050521900,Whisky Single Malt Ardbeg,LITRO,"R$689,43",1
BEBIDAS ALCOOLICAS,DESTILADOS,1050522000,Whisky Single Malt Glenlivet Founders Reserve,LITRO,"R$298,73",1
BEBIDAS ALCOOLICAS,DESTILADOS,1050522200,Whisky Suntory Chita,LITRO,"R$621,71",1
BEBIDAS ALCOOLICAS,DESTILADOS,1050524500,Whisky Talisker 10 Anos,LITRO,"R$494,13",1
BEBIDAS ALCOOLICAS,DESTILADOS,1050522300,Whisky The Macallan Doub Cask 18 Anos,LITRO,"R$4.434,80",1
BEBIDAS ALCOOLICAS,DESTILADOS,1050522500,Whisky Yamazaki,LITRO,"R$1.271,91",1
BEBIDAS ALCOOLICAS,DESTILADOS,1050522900,Xarope De Cranberry,LITRO,"R$69,95",1
BEBIDAS ALCOOLICAS,DESTILADOS,1050523400,"Xarope Monin Amendoas - Un C/ 0,7L",LITRO,"R$64,28",1
BEBIDAS ALCOOLICAS,ESPUMANTE,1150500200,Espumante Casa Perini Brut Prosecco,LITRO,"R$48,66",1
BEBIDAS ALCOOLICAS,SECOS,1005518700,Vinho Jerez Tio Pepe,LITRO,"R$180,00",1
BEBIDAS ALCOOLICAS,SUCOS,1102002400,Xarope De Flor De Sabugueiro - L,LITRO,"R$67,79",1
ALIMENTOS,DOCES,1000500400,Chocolate 1/2 Amargo Person,UNID,"R$0,62",1
ALIMENTOS,HORTIFRUTI,1001506100,Cereja Amarena Fechado,KG,"R$112,90",1
ALIMENTOS,HORTIFRUTI,1001506100,Cereja Amarena Aberto,KG,"R$112,90",2
ALIMENTOS,MOLHOS,1003501600,Molho Ingles Lea Perris,LITRO,"R$833,33",1
ALIMENTOS,SECOS,1005502000,Alcaparrones Fechado,KG,"R$141,50",1
ALIMENTOS,SECOS,1005502000,Alcaparrones Aberto,KG,"R$141,50","1,77"
BEBIDAS ALCOOLICAS,MANIPULADOS/PRODUZIDOS,SUB RECEITA,Alcool De Cereal (5Litros),UNID,"R$15,00",1
BEBIDAS ALCOOLICAS,MANIPULADOS/PRODUZIDOS,SUB RECEITA,Base Aperol Spritz,LITRO,"R$46,40",1
BEBIDAS ALCOOLICAS,MANIPULADOS/PRODUZIDOS,SUB RECEITA,Base Negroni Hendryx,LITRO,"R$186,68",1
BEBIDAS ALCOOLICAS,MANIPULADOS/PRODUZIDOS,SUB RECEITA,Blend Vermoute,LITRO,"R$59,50",1
BEBIDAS ALCOOLICAS,MANIPULADOS/PRODUZIDOS,SUB RECEITA,Blend Vermouth,LITRO,"R$13,96",1
BEBIDAS ALCOOLICAS,MANIPULADOS/PRODUZIDOS,SUB RECEITA,Bloody Mix,LITRO,"R$11,26",1
BEBIDAS ALCOOLICAS,MANIPULADOS/PRODUZIDOS,SUB RECEITA,Boulevardie,UNID,"R$105,00",1
BEBIDAS ALCOOLICAS,MANIPULADOS/PRODUZIDOS,SUB RECEITA,Cold Brew,LITRO,"R$15,00",1
BEBIDAS ALCOOLICAS,MANIPULADOS/PRODUZIDOS,SUB RECEITA,Cordial Amora,LITRO,"R$46,35",1
BEBIDAS ALCOOLICAS,MANIPULADOS/PRODUZIDOS,SUB RECEITA,Cordial Framboesa,UNID,"R$160,00",1
BEBIDAS ALCOOLICAS,MANIPULADOS/PRODUZIDOS,SUB RECEITA,Cordial Lichia C/ Maracuja,LITRO,"R$163,47",1
BEBIDAS ALCOOLICAS,MANIPULADOS/PRODUZIDOS,SUB RECEITA,Cordial Roma,LITRO,"R$48,96",1
BEBIDAS NÃO ALCOOLICAS,MANIPULADOS/PRODUZIDOS,SUB RECEITA,Detox Amarelo,LITRO,"R$15,00",1
BEBIDAS NÃO ALCOOLICAS,MANIPULADOS/PRODUZIDOS,SUB RECEITA,Detox Verde,LITRO,"R$15,00",1
BEBIDAS NÃO ALCOOLICAS,MANIPULADOS/PRODUZIDOS,SUB RECEITA,Detox Vermelho,LITRO,"R$15,00",1
BEBIDAS ALCOOLICAS,MANIPULADOS/PRODUZIDOS,SUB RECEITA,Dry Martini,UNID,"R$45,00",1
BEBIDAS ALCOOLICAS,MANIPULADOS/PRODUZIDOS,SUB RECEITA,Ginger Alle,LITRO,"R$15,50",1
BEBIDAS NÃO ALCOOLICAS,MANIPULADOS/PRODUZIDOS,SUB RECEITA,Hisbisco Concentrado,LITRO,"R$23,20",1
BEBIDAS NÃO ALCOOLICAS,MANIPULADOS/PRODUZIDOS,SUB RECEITA,Infusao De Hibisco,LITRO,R$-,1
BEBIDAS ALCOOLICAS,MANIPULADOS/PRODUZIDOS,SUB RECEITA,Mira,UNID,R$-,1
BEBIDAS ALCOOLICAS,MANIPULADOS/PRODUZIDOS,SUB RECEITA,Negroni,UNID,"R$80,00",1
BEBIDAS ALCOOLICAS,MANIPULADOS/PRODUZIDOS,SUB RECEITA,Pantera Rosa,LITRO,"R$28,48",1
BEBIDAS ALCOOLICAS,MANIPULADOS/PRODUZIDOS,SUB RECEITA,Pantera Rosa,LITRO,"R$9,46",1
BEBIDAS ALCOOLICAS,MANIPULADOS/PRODUZIDOS,SUB RECEITA,Pure De Pessego Branco,KG,"R$71,92",1
BEBIDAS NÃO ALCOOLICAS,MANIPULADOS/PRODUZIDOS,SUB RECEITA,Shurb Hortela,LITRO,"R$22,07",1
BEBIDAS NÃO ALCOOLICAS,MANIPULADOS/PRODUZIDOS,SUB RECEITA,Sumo De Gengibre,LITRO,"R$14,54",1
BEBIDAS ALCOOLICAS,MANIPULADOS/PRODUZIDOS,SUB RECEITA,Watermelon Negroni,LITRO,"R$43,86",1
BEBIDAS ALCOOLICAS,MANIPULADOS/PRODUZIDOS,SUB RECEITA,Xarope De Açucar,UNID,"R$10,00",1
BEBIDAS NÃO ALCOOLICAS,MANIPULADOS/PRODUZIDOS,SUB RECEITA,Xarope De Mel,UNID,"R$25,00",1
BEBIDAS NÃO ALCOOLICAS,MANIPULADOS/PRODUZIDOS,SUB RECEITA,Xarope Rapadura,LITRO,"R$10,00",1
BEBIDAS NÃO ALCOOLICAS,AGUAS,1100000100,Agua Com Gas Pet - Un,UNID,,1
BEBIDAS NÃO ALCOOLICAS,AGUAS,1100000500,Agua Garrafa Pet Com Gas - Un,UNID,"R$2,70",1
BEBIDAS NÃO ALCOOLICAS,AGUAS,1100003000,Agua Sem Gas Lata 310Ml,UNID,"R$3,49",1
BEBIDAS NÃO ALCOOLICAS,AGUAS,1100003100,Agua Com Gas Lata 310Ml - Un,UNID,"R$4,02",1
BEBIDAS NÃO ALCOOLICAS,AGUAS,1100000000,Agua Panna,UNID,"R$13,38",1
BEBIDAS NÃO ALCOOLICAS,AGUAS,1100001000,Agua Pet Sem Gas 510Ml - Un,UNID,"R$2,87",1
BEBIDAS NÃO ALCOOLICAS,AGUAS,1100002500,Agua Prata Com Gas 510Ml - Un,UNID,"R$3,21",1
BEBIDAS NÃO ALCOOLICAS,AGUAS,1100001100,Agua Prata Com Gas Vidro,UNID,"R$2,57",1
BEBIDAS NÃO ALCOOLICAS,AGUAS,1100001200,Agua Prata Sem Gas Vidro,UNID,"R$2,59",1
BEBIDAS NÃO ALCOOLICAS,AGUAS,1100002A00,Agua Minalba Sem Gas Vidro,UNID,"R$4,49",1
BEBIDAS NÃO ALCOOLICAS,AGUAS,1100002900,Agua Minalba Com Gas Vidro,UNID,"R$5,19",1
BEBIDAS NÃO ALCOOLICAS,AGUAS,1100001800,Agua San Pellegrino,UNID,"R$14,04",1
BEBIDAS NÃO ALCOOLICAS,CHAS E CAFES,1100500500,Capsula Expresso,UNID,R$-,1
BEBIDAS NÃO ALCOOLICAS,CHAS E CAFES,1100500200,Cafe Em Grao - Kg,LITRO,"R$198,00",1
BEBIDAS NÃO ALCOOLICAS,DESTILADOS,1050523200,Xarope Monin Maca Verde,LITRO,"R$69,57",1
BEBIDAS NÃO ALCOOLICAS,GELO,1101000600,Gelao Pct C/ 25Un,UNID,"R$2,27",1
BEBIDAS NÃO ALCOOLICAS,GELO,1101000700,Gelo Collins,UNID,"R$2,42",1
BEBIDAS NÃO ALCOOLICAS,GELO,1101000300,Gelo Esfera 60 Mm,UNID,"R$4,58",1
BEBIDAS NÃO ALCOOLICAS,GELO,1101000400,Gelo Hoshizaki - Kg,UNID,"R$3,14",1
BEBIDAS NÃO ALCOOLICAS,HORTIFRUTI,1001509600,Laranja Bahia,KG,"R$10,80",1
BEBIDAS NÃO ALCOOLICAS,HORTIFRUTI,1001510000,Limao Siciliano,KG,"R$15,40",1
BEBIDAS NÃO ALCOOLICAS,HORTIFRUTI,1001510100,Limao Tahiti,KG,"R$3,02",1
BEBIDAS NÃO ALCOOLICAS,REFRIGERANTES,1101500500,Coca Cola Lata,UNID,"R$3,24",1
BEBIDAS NÃO ALCOOLICAS,REFRIGERANTES,1101500900,Coca Cola Lata Zero,UNID,"R$3,94",1
BEBIDAS NÃO ALCOOLICAS,REFRIGERANTES,1101500700,Coca Cola Vidro,UNID,"R$5,16",1
BEBIDAS NÃO ALCOOLICAS,REFRIGERANTES,1101501100,Coca Zero Vidro,UNID,"R$5,16",1
BEBIDAS NÃO ALCOOLICAS,REFRIGERANTES,1101501500,Guarana Antartica Lt,UNID,"R$3,47",1
BEBIDAS NÃO ALCOOLICAS,REFRIGERANTES,1101501900,Guarana Zero Lt,UNID,"R$3,39",1
BEBIDAS NÃO ALCOOLICAS,REFRIGERANTES,1101502600,Prata Tonica Zero - Un,LITRO,"R$6,95",1
BEBIDAS NÃO ALCOOLICAS,REFRIGERANTES,1101503700,Tonica Riverside,UNID,"R$7,50",1
BEBIDAS NÃO ALCOOLICAS,REFRIGERANTES,1101505100,Xarope Monin Pessego,LITRO,"R$44,99",1
BEBIDAS NÃO ALCOOLICAS,SECOS,1005503900,Azeitona Verde Siciliana,KG,"R$137,93",1
BEBIDAS NÃO ALCOOLICAS,SECOS,1005524200,Biscoito Amenteigado - Un,UNID,"R$100,40",1
BEBIDAS NÃO ALCOOLICAS,SECOS,1005506200,Clara De Ovo Pasteurizada,KG,"R$18,45",1
BEBIDAS NÃO ALCOOLICAS,SECOS,1005510400,Gengibre Em Calda,KG,"R$244,10",1
BEBIDAS NÃO ALCOOLICAS,SUCOS,1102001300,Suco De Maca - Un,LITRO,"R$6,58",1
BEBIDAS NÃO ALCOOLICAS,AGUAS,1100000300,Agua De Coco Kero Coco - L,LITRO,"R$15,14",1
BEBIDAS NÃO ALCOOLICAS,SUCOS,1102000200,Del Valle Maca - L,LITRO,"R$10,37",1
BEBIDAS NÃO ALCOOLICAS,SUCOS,1102001700,Suco De Tomate,LITRO,"R$19,41",1
BEBIDAS NÃO ALCOOLICAS,SUCOS,1102001600,Suco Tangerina,UNID,"R$10,43",1
BEBIDAS NÃO ALCOOLICAS,SUCOS,1102001800,Suco Uva,UNID,"R$8,88",1
VINHOS,CHAMPAGNE,1150002500,Pol Roger Brut 750Ml,UNID,"R$746,02",1
VINHOS,CHAMPAGNE,1150001500,Jacopo Biondi Santi Braccale Toscana Igt,UNID,"R$183,98",1
VINHOS,CHAMPAGNE,1150002900,Veuve Clicquot Brut 750Ml - Un,UNID,"R$331,15",1
VINHOS,CHAMPAGNE,1150003000,Moet Chandon Imperial Brut 750Ml - Un,UNID,"R$306,89",1
VINHOS,ESPUMANTE,1150500702,Cava Amadeu Brut Geisse,UNID,"R$71,05",1
VINHOS,ESPUMANTE,1150502300,Prosecco Asolo Brut - Un,UNID,"R$162,02",1
VINHOS,VINHO BRANCO,1151500600,Cardamore Pinot Grigio Sicilia,UNID,"R$66,16",1
VINHOS,VINHO BRANCO,1151502000,Dolee Friulano,UNID,"R$414,25",1
VINHOS,VINHO BRANCO,1151503200,Pazo De  Senorans,UNID,"R$306,93",1
VINHOS,VINHO BRANCO,1151507800,Il Pumo Chardonnay,UNID,"R$76,85",1
VINHOS,VINHO BRANCO,1151501600,Domaine Dhenri Chablis Les Allees Du Vignoble - Un,UNID,"R$275,00",1
VINHOS,VINHO BRANCO,1151500300,Billaud Simon Chablis - Un,UNID,"R$570,39",1
VINHOS,VINHO BRANCO,1151508000,Vin Santo 2016,UNID,"R$334,00",1
VINHOS,VINHO BRANCO,1151507900,Meia Chateau Rieussec - Un,UNID,"R$785,68",1
VINHOS,VINHO PORTO,1152000100,Graham'S 10 Years Old Tawny,LITRO,"R$444,17",1
VINHOS,VINHO ROSE,1152500000,Chateau La Coste Lisa Rose,UNID,"R$118,15",1
VINHOS,VINHO ROSE,1152501800,Vallontano Espumante Rose Brut,UNID,"R$94,43",1
VINHOS,VINHO TINTO,1151002500,Cardamore Montepulciano D'Abruzzo,UNID,"R$64,49",1
VINHOS,VINHO TINTO,1151002600,Cardamore Primitivo Puglia Igt,UNID,"R$63,62",1
VINHOS,VINHO TINTO,1151011000,Sasso Di Arciano  Reserva Docg Chianti,UNID,"R$85,31",1
VINHOS,VINHO TINTO,1151004700,Delle Rocche Montepulciano,UNID,"R$42,21",1
VINHOS,VINHO TINTO,1151011700,Romulo Toscana,UNID,"R$53,91",1
VINHOS,VINHO TINTO,1151002400,Cardamore Appassimento,UNID,"R$85,31",1
VINHOS,VINHO TINTO,1151006900,Los Vascos Cabernet Sauvignon Reserva,UNID,"R$104,93",1
VINHOS,VINHO TINTO,1151003300,Catena Malbec,UNID,"R$155,88",1
VINHOS,VINHO TINTO,1151003500,Chateau Marjosse Bordeaux Rouge 2020 (Tto) (Chateau Marjosse),UNID,"R$201,55",1
VINHOS,VINHO TINTO,1151007300,Meandro Do Vale Meão 750Ml,UNID,"R$263,02",1
VINHOS,VINHO TINTO,1151009300,Promis Igp Toscana 750Ml,UNID,"R$654,26",1
VINHOS,VINHO TINTO,1151004800,Doce Leonis Sweet Szamorodni Tokaj,UNID,"R$120,25",1
VINHOS,VINHO TINTO,1151012000,Valpolicella Ripasso Classico Superiore,UNID,"R$197,16",1
VINHOS,VINHO TINTO,1151003000,Castello Di Ama Chianti Classico Docg,UNID,"R$482,56",1
VINHOS,VINHO TINTO,1151008500,Ornellaia S.R.L. Le Volte Dell,UNID,"R$179,55",1
VINHOS,VINHO TINTO,1151008600,Ornellaia S.R.L. Toscana - Un,UNID,"R$1.889,39",1
VINHOS,VINHO TINTO,1151005000,El Vinculo Crianza,UNID,"R$236,67",1
VINHOS,VINHO TINTO,1151008700,Pesquera Crianza 750Ml,UNID,"R$394,75",1
VINHOS,VINHO TINTO,1151000500,Amancaya Malb. Cabernet Sauvig,UNID,"R$205,94",1
VINHOS,VINHO TINTO,1151015000,Gaja Barolo,UNID,"R$1.312,90",1
VINHOS,VINHO TINTO,1151010800,Sangiovese Di Toscana - Bonacchi,UNID,"R$91,77",1
VINHOS,VINHO TINTO,1151001500,Bayanegra Tempranillo,UNID,"R$78,60",1
VINHOS,VINHO TINTO,1151009600,Regaleali Nero D Avola,UNID,"R$151,49",1
VINHOS,VINHO TINTO,1151001000,Barbera D'Asti L'Avvocata,UNID,"R$249,85",1
VINHOS,VINHO TINTO,1151004400,Miraval Cotes Provence,UNID,"R$372,79",1
VINHOS,VINHO TINTO,1151017500,Rosso Piceno Doc,UNID,"R$118,11",1
VINHOS,VINHO TINTO,1151017400,Guaspari Syrah Vista Da Serra,UNID,"R$169,00",1
VINHOS,VINHO TINTO,1151012200,Vinho Fino Tinto Seco Pienezza,UNID,"R$300,00",1
VINHOS,VINHO TINTO,1151010700,Primitivo Manduria  Talo,UNID,"R$164,66",1
VINHOS,VINHO TINTO,1151011900,V T Louis Jadot Bourgogne Pinot Noir 750 Ml,UNID,"R$280,16",1
VINHOS,VINHO TINTO,115103BD00,Mora Amarone 750Ml - Un,UNID,"R$325,80",1
VINHOS,VINHO TINTO,115103BF00,Menin Tinto 2021 - Un,UNID,"R$160,00",1
VINHOS,VINHO TINTO,115103BE00,Pozzetto Valpolicella Classico 750Ml - Un,UNID,"R$170,00",1
VINHOS,VINHO TINTO,1151000600,Amarone Della Valpolicella Classico Consignado -Un,UNID,R$-,1
VINHOS,VINHO TINTO,1151016900,Echezeaux Consignado,UNID,R$-,1
VINHOS,VINHO TINTO,1151015601,Valbuena 5 Ano Consignado - Un,UNID,R$-,1
VINHOS,VINHO TINTO,1151014201,Alion Consignado - Un,UNID,R$-,1
VINHOS,VINHO TINTO,1151015401,Chateau Smith-Haut Lafitte Consignado - Un,UNID,R$-,1
VINHOS,VINHO TINTO,1151015501,Chateau Cos D'Estournel Consignado - Un,UNID,R$-,1
VINHOS,VINHO TINTO,1151015700,Brunello Di Montalcino Biondi Santi Consignado- Un,UNID,R$-,1
VINHOS,,1151042600,Barolo Francesco Rinaldi - Un,UNID,"R$599,00",1
VINHOS,,1151042400,Bastioni Chianti Classico - Un,UNID,"R$129,00",1
VINHOS,,1151042500,Rosso Di Montalcino Capanna,UNID,"R$264,00",1
VINHOS,,1151510400,Guaspari Sauvignon Blanc - Un,UNID,"R$116,00",1
VINHOS,,1151008800,Petit Chablis Bourgogne,UNID,"R$204,33",1
VINHOS,,1151510500,Louis Latour,UNID,"R$179,99",1
VINHOS,,1151042A00,Loca Ciuca,UNID,"R$133,93",1
VINHOS,,1151042700,Alfa Crux,UNID,"R$92,07",1
VINHOS,,1151043100,Charton La Fleur,UNID,"R$118,12",1
VINHOS,,1151043000,Medoc Private Reserva,UNID,"R$162,03",1
VINHOS,,1151043300,Brunello Di Montalcino Fattoi,UNID,"R$329,70",1
VINHOS,,1151017800,Sessantanni -Primitivo Di Manduria,UNID,"R$340,31",1
VINHOS,,1151510700,Saint Felicien Semillion,UNID,"R$227,90",1
VINHOS,,1152500100,Claude Val Rose - Un,UNID,"R$70,22",1
VINHOS,,1150003000,Moet Chandon Imperial Brut 750Ml - Un,UNID,"R$306,89",1
VINHOS,VINHO TINTO,1151043900,"Villa Sardini, Colline Lucchesi Doc",UNID,"R$147,88",1
